az,azerty@azerty
az,azerty@azerty
az,azerty@azerty
,
,azerty@azerty
TOTO,az@az
TOTO,az@az
TOTO,az@az
,
,
,
,
,
,
,,,,,,,,,,lkmlk
,,,,,,,,,,"J aime la nature"
,,,,,,,,,,
,,,,,,,,,,
,,,,,,,,,,
,,,,,,,,,,
,,,,,,,,,,
,,,,,,,,,,
,,,,,,,,,,
,,,,,,,,,,
,,,,,,,,,,
,,,,,,,,,,
,,,,,,,,,,
,,,,,,,,,,
,,,,,,,,,,
,,,,,,,,,,
,,,,,,,,,,
,,,,,,,,,,
,,,,,,,,,,
,,,,,,,,,,
,,,,,,,,,,
,,,,,,,,,,
,,,,,,,,,,
,,,,,,,,,,
,,,,,,,,,,
,,,,,,,,,,
,,,,,,,,,,
,,,,,,,,,,
,,,,,,,,,,
,,,,,,,,,,
,,,,,,,,,,
,,,,,,,,,,
,,,,,,,,,,
,,,,,,,,,,
,,,,,,,,,,
,,,,,,,,,,
Damien,orecchiadamien@gmail.com,Orecchia,32,femme,323432,ain,semaine,matin,securite,
Quais,orecchiadamien@gmail.com,Vine,32,non_specifie,323432,ain,weekend,matin,bar,
